filename,source,category,vistype,title location,attr: data-ink ratio,attr: # distinct colors,attr: black&white,attr: visual density,attr: human recognizable object,attr: human depiction,mem: at-a-glance HR (%),mem: at-a-glance FAR (%),mem: prolonged HR (%),data redundancy,message redundancy,illegible,,,,,,,,,,,,,,,,,,,,,,,,,,,,,,
economist_daily_chart_103.png,Economist Daily,N,Bars,Top-left,2,3,n,1,n,n,41.76,10.89,81.82,0,0,0,,,,,,,,,,,,,,,,,,,,,,,,,,,,,,
economist_daily_chart_106.png,Economist Daily,N,Bars,Top-left,1,2,n,1,n,n,39.08,29.47,80,0,0,0,,,,,,,,,,,,,,,,,,,,,,,,,,,,,,
economist_daily_chart_110.png,Economist Daily,N,Maps,Top-left,1,1,n,1,y,n,77.53,26.53,100,0,0,0,,,,,,,,,,,,,,,,,,,,,,,,,,,,,,
economist_daily_chart_116.png,Economist Daily,N,Area,Top-left,2,2,n,2,n,n,46.51,10,76.47,0,0,0,,,,,,,,,,,,,,,,,,,,,,,,,,,,,,
economist_daily_chart_124.png,Economist Daily,N,Maps,Key (bottom-left),1,1,n,1,y,n,73.26,18.81,81.25,0,0,0,,,,,,,,,,,,,,,,,,,,,,,,,,,,,,
economist_daily_chart_129.png,Economist Daily,N,Lines,Top-left,1,2,n,2,n,n,59.38,7.48,75,0,0,0,,,,,,,,,,,,,,,,,,,,,,,,,,,,,,
economist_daily_chart_153.png,Economist Daily,N,Area,Top-left,2,2,n,1,n,n,54.65,9,77.78,0,0,0,,,,,,,,,,,,,,,,,,,,,,,,,,,,,,
economist_daily_chart_165.png,Economist Daily,N,Bars,Top-left,1,1,n,1,n,n,69.05,34.41,94.12,0,0,0,,,,,,,,,,,,,,,,,,,,,,,,,,,,,,
economist_daily_chart_167.png,Economist Daily,N,Bars,Top-left,1,1,n,1,n,n,59.77,34.34,75,0,0,0,,,,,,,,,,,,,,,,,,,,,,,,,,,,,,
economist_daily_chart_18.png,Economist Daily,N,Table,Top-left,2,1,y,2,n,n,50,15.09,93.75,0,0,0,,,,,,,,,,,,,,,,,,,,,,,,,,,,,,
economist_daily_chart_187.png,Economist Daily,N,Bars,Top-left,1,1,n,1,n,n,50.59,16.16,90,0,0,0,,,,,,,,,,,,,,,,,,,,,,,,,,,,,,
economist_daily_chart_202.png,Economist Daily,N,Points,Top-left,1,1,n,1,n,n,62.92,8,78.57,0,0,0,,,,,,,,,,,,,,,,,,,,,,,,,,,,,,
economist_daily_chart_215.png,Economist Daily,N,Maps,Top-left,1,1,n,1,y,n,40,13.13,69.23,0,0,0,,,,,,,,,,,,,,,,,,,,,,,,,,,,,,
economist_daily_chart_219.png,Economist Daily,N,Maps,Key (bottom-left),3,2,n,1,y,n,57.47,4.26,100,1,0,0,,,,,,,,,,,,,,,,,,,,,,,,,,,,,,
economist_daily_chart_240.png,Economist Daily,N,Lines,Top-left,1,2,n,1,n,n,36.59,12.12,44.44,0,0,0,,,,,,,,,,,,,,,,,,,,,,,,,,,,,,
economist_daily_chart_242.png,Economist Daily,N,Bars,Top-left,3,2,n,2,n,n,44.94,25.77,70.59,0,0,0,,,,,,,,,,,,,,,,,,,,,,,,,,,,,,
economist_daily_chart_258.png,Economist Daily,N,Points,Top-left,3,1,n,2,n,n,38.89,20.41,100,0,0,0,,,,,,,,,,,,,,,,,,,,,,,,,,,,,,
economist_daily_chart_268.png,Economist Daily,N,Area,Top-left,3,3,n,1,y,n,70.79,3.09,93.75,1,0,0,,,,,,,,,,,,,,,,,,,,,,,,,,,,,,
economist_daily_chart_310.png,Economist Daily,N,Table,Top-left,1,1,n,1,n,n,50,12.79,33.33,0,0,0,,,,,,,,,,,,,,,,,,,,,,,,,,,,,,
economist_daily_chart_317.png,Economist Daily,N,Maps,Top-left,1,2,n,1,y,n,72.41,17.53,93.33,0,0,0,,,,,,,,,,,,,,,,,,,,,,,,,,,,,,
economist_daily_chart_324.png,Economist Daily,N,Bars,Top-left,1,2,n,1,n,n,51.19,26.04,68.42,0,0,0,,,,,,,,,,,,,,,,,,,,,,,,,,,,,,
economist_daily_chart_35.png,Economist Daily,N,Points,Top-left,3,1,n,1,n,n,64.29,17.35,87.5,0,0,0,,,,,,,,,,,,,,,,,,,,,,,,,,,,,,
economist_daily_chart_380.png,Economist Daily,N,Lines,Top-left,1,1,n,1,n,n,50,14.71,87.5,0,0,0,,,,,,,,,,,,,,,,,,,,,,,,,,,,,,
economist_daily_chart_390.png,Economist Daily,N,Lines,Top-left,1,2,n,1,n,n,55.7,20.43,75,0,0,0,,,,,,,,,,,,,,,,,,,,,,,,,,,,,,
economist_daily_chart_392.png,Economist Daily,N,Bars,Top-left,2,1,n,1,n,n,74.42,39.18,85.71,0,0,0,,,,,,,,,,,,,,,,,,,,,,,,,,,,,,
economist_daily_chart_4.png,Economist Daily,N,Bars,Top-left,2,2,n,1,n,n,41.3,23.53,77.78,0,0,0,,,,,,,,,,,,,,,,,,,,,,,,,,,,,,
economist_daily_chart_406.png,Economist Daily,N,Maps,Top-left,2,2,n,3,y,n,46.51,10.89,90,0,0,0,,,,,,,,,,,,,,,,,,,,,,,,,,,,,,
economist_daily_chart_416.png,Economist Daily,N,Bars,Top-left,1,1,n,2,n,n,63.53,12.63,72.22,0,0,0,,,,,,,,,,,,,,,,,,,,,,,,,,,,,,
economist_daily_chart_430.png,Economist Daily,N,Lines,Top-left,2,2,n,1,n,n,60.87,20.59,83.33,0,0,0,,,,,,,,,,,,,,,,,,,,,,,,,,,,,,
economist_daily_chart_439.png,Economist Daily,N,Bars,Top-left,1,1,n,1,n,n,68.97,37.5,75,0,0,0,,,,,,,,,,,,,,,,,,,,,,,,,,,,,,
economist_daily_chart_449.png,Economist Daily,N,Bars,Top-left,1,1,n,2,n,n,55.68,22.77,100,0,0,0,,,,,,,,,,,,,,,,,,,,,,,,,,,,,,
economist_daily_chart_45.png,Economist Daily,N,Points,Top-left,2,2,n,2,y,y,60.64,5.66,94.12,0,1,0,,,,,,,,,,,,,,,,,,,,,,,,,,,,,,
economist_daily_chart_453.png,Economist Daily,N,Lines,Top-left,1,1,n,1,n,n,56.04,27.27,64.71,0,0,0,,,,,,,,,,,,,,,,,,,,,,,,,,,,,,
economist_daily_chart_454.png,Economist Daily,N,Bars,Top-left,3,2,n,1,n,n,67.07,19.61,70.59,0,0,0,,,,,,,,,,,,,,,,,,,,,,,,,,,,,,
economist_daily_chart_46.png,Economist Daily,N,Table,Top-left,2,2,n,2,y,n,72.83,0.97,100,1,1,0,,,,,,,,,,,,,,,,,,,,,,,,,,,,,,
economist_daily_chart_475.png,Economist Daily,N,Maps,Top-left,2,2,n,2,y,n,64.44,6,95,0,0,0,,,,,,,,,,,,,,,,,,,,,,,,,,,,,,
economist_daily_chart_48.png,Economist Daily,N,Maps,Top-left,1,2,n,1,y,n,77.89,25.69,94.12,0,0,0,,,,,,,,,,,,,,,,,,,,,,,,,,,,,,
economist_daily_chart_490.png,Economist Daily,N,Table,Top-left,1,1,n,1,n,n,48.89,8.82,92.86,0,0,0,,,,,,,,,,,,,,,,,,,,,,,,,,,,,,
economist_daily_chart_491.png,Economist Daily,N,Bars,Top-left,1,1,n,1,n,n,75.58,41.24,75,0,0,0,,,,,,,,,,,,,,,,,,,,,,,,,,,,,,
economist_daily_chart_493.png,Economist Daily,N,Maps,Key (top-right),2,3,n,2,y,n,60.23,3.06,80,0,0,0,,,,,,,,,,,,,,,,,,,,,,,,,,,,,,
economist_daily_chart_5.png,Economist Daily,N,Bars,Top-left,1,1,n,1,n,n,67.5,29.35,75,0,0,0,,,,,,,,,,,,,,,,,,,,,,,,,,,,,,
economist_daily_chart_516.png,Economist Daily,N,Bars,Top-left,1,1,n,1,n,n,73.91,22.12,88.89,0,0,0,,,,,,,,,,,,,,,,,,,,,,,,,,,,,,
economist_daily_chart_520.png,Economist Daily,N,Bars,Top-left,1,1,n,2,n,n,60.47,13.54,57.14,0,0,0,,,,,,,,,,,,,,,,,,,,,,,,,,,,,,
economist_daily_chart_521.png,Economist Daily,N,Lines,Top-left,1,2,n,1,n,n,70.89,5.38,100,0,0,0,,,,,,,,,,,,,,,,,,,,,,,,,,,,,,
economist_daily_chart_529.png,Economist Daily,N,Bars,Top-left,2,1,n,2,n,n,46.81,35.29,93.75,0,0,0,,,,,,,,,,,,,,,,,,,,,,,,,,,,,,
economist_daily_chart_53.png,Economist Daily,N,Points,Top-left,2,1,n,1,n,n,45.98,7.07,88.24,0,1,0,,,,,,,,,,,,,,,,,,,,,,,,,,,,,,
economist_daily_chart_54.png,Economist Daily,N,Points,Top-left,3,2,n,2,y,y,30.23,5.77,88.89,0,1,0,,,,,,,,,,,,,,,,,,,,,,,,,,,,,,
economist_daily_chart_66.png,Economist Daily,N,Lines,Top-left,2,2,n,2,n,n,42.5,25,77.27,0,0,0,,,,,,,,,,,,,,,,,,,,,,,,,,,,,,
economist_daily_chart_69.png,Economist Daily,N,Lines,Top-left,1,2,n,1,n,n,56.99,16,100,0,0,0,,,,,,,,,,,,,,,,,,,,,,,,,,,,,,
economist_daily_chart_75.png,Economist Daily,N,Bars,Top-left,2,1,n,1,n,n,59.49,26.32,88.24,0,0,0,,,,,,,,,,,,,,,,,,,,,,,,,,,,,,
economist_daily_chart_85.png,Economist Daily,N,Bars,Top-left,1,1,n,1,n,n,65.12,18.48,100,0,0,0,,,,,,,,,,,,,,,,,,,,,,,,,,,,,,
economist_daily_chart_89.png,Economist Daily,N,Maps,Key (top-left),3,3,n,3,y,n,54.32,8.79,100,0,0,0,,,,,,,,,,,,,,,,,,,,,,,,,,,,,,
economist_daily_chart_99.png,Economist Daily,N,Maps,Top-left,2,1,n,1,y,n,67.78,36,94.12,0,0,0,,,,,,,,,,,,,,,,,,,,,,,,,,,,,,
np_21.png,National Post,N,Area,Top-center,3,2,n,3,y,n,73.81,2.04,100,0,1,1,,,,,,,,,,,,,,,,,,,,,,,,,,,,,,
np_48.png,National Post,N,Trees and Networks,none,1,1,n,1,n,n,65.96,3.74,75,1,1,0,,,,,,,,,,,,,,,,,,,,,,,,,,,,,,
np_7.png,National Post,N,Bars,Top,3,2,n,2,y,n,72.09,6.19,100,0,1,1,,,,,,,,,,,,,,,,,,,,,,,,,,,,,,
treasuryA10.png,US Department of the Treasury,G,Lines,Top (2nd row),1,1,n,2,n,n,45.68,12.37,80,0,1,0,,,,,,,,,,,,,,,,,,,,,,,,,,,,,,
treasuryB04.png,US Department of the Treasury,G,Lines,Top-left,2,2,n,3,n,n,21.98,8.16,57.89,1,1,0,,,,,,,,,,,,,,,,,,,,,,,,,,,,,,
treasuryB10.png,US Department of the Treasury,G,Bars,Top-left,3,2,n,2,n,n,40.22,3.96,40,1,1,0,,,,,,,,,,,,,,,,,,,,,,,,,,,,,,
treasuryB15.png,US Department of the Treasury,G,Points,Top-center,1,1,n,1,n,n,24.72,5.05,52.94,0,1,0,,,,,,,,,,,,,,,,,,,,,,,,,,,,,,
treasuryD04_3.png,US Department of the Treasury,G,Table,Top-center,1,1,y,1,n,n,33.68,4.67,40,0,0,0,,,,,,,,,,,,,,,,,,,,,,,,,,,,,,
treasuryD05_1.png,US Department of the Treasury,G,Bars,Top-center,1,2,n,2,n,n,21.74,1.9,27.78,1,1,0,,,,,,,,,,,,,,,,,,,,,,,,,,,,,,
treasuryD08.png,US Department of the Treasury,G,Table,Top-left,2,1,n,2,n,n,25.64,16.84,40,0,0,0,,,,,,,,,,,,,,,,,,,,,,,,,,,,,,
treasuryG01_2.png,US Department of the Treasury,G,Table,Top-center,1,1,n,1,n,n,34.67,5.81,57.14,0,1,0,,,,,,,,,,,,,,,,,,,,,,,,,,,,,,
treasuryG02_2.png,US Department of the Treasury,G,Bars,Top-center/right,3,3,n,2,n,n,38.2,6.67,37.5,1,1,0,,,,,,,,,,,,,,,,,,,,,,,,,,,,,,
treasuryG05_1.png,US Department of the Treasury,G,Lines,Top-center/right,1,2,n,2,n,n,23.16,19.19,31.25,0,1,0,,,,,,,,,,,,,,,,,,,,,,,,,,,,,,
treasuryG06_2.png,US Department of the Treasury,G,Bars,Top-center/right,3,3,n,2,n,n,33.73,6.12,75,0,1,0,,,,,,,,,,,,,,,,,,,,,,,,,,,,,,
treasuryG07_2.png,US Department of the Treasury,G,Lines,Top-center/right,1,2,n,1,n,n,40.96,13.13,78.57,0,1,0,,,,,,,,,,,,,,,,,,,,,,,,,,,,,,
treasuryI01_2.png,US Department of the Treasury,G,Lines,Top-center,2,1,n,1,n,n,38.64,21.78,73.68,0,0,0,,,,,,,,,,,,,,,,,,,,,,,,,,,,,,
treasuryI02_1.png,US Department of the Treasury,G,Bars,Top-center,2,2,n,2,n,n,35.9,10.23,57.89,0,0,0,,,,,,,,,,,,,,,,,,,,,,,,,,,,,,
treasuryK01.png,US Department of the Treasury,G,Diagrams,Top-left,1,1,y,1,n,n,35.87,7.22,71.43,0,0,0,,,,,,,,,,,,,,,,,,,,,,,,,,,,,,
treasuryK03_2.png,US Department of the Treasury,G,Bars,Top-center,2,1,n,2,n,n,69.05,35.11,64.71,1,0,0,,,,,,,,,,,,,,,,,,,,,,,,,,,,,,
treasuryK03_3.png,US Department of the Treasury,G,Bars,Top-center,2,1,n,2,n,n,69.15,38.61,61.11,1,0,0,,,,,,,,,,,,,,,,,,,,,,,,,,,,,,
treasuryK05_1.png,US Department of the Treasury,G,Circles,Top-center,3,2,n,1,n,n,52.27,9.09,58.82,1,0,0,,,,,,,,,,,,,,,,,,,,,,,,,,,,,,
treasuryK06.png,US Department of the Treasury,G,Bars,Top-center,3,2,n,2,n,n,22.47,3.96,68.75,1,0,0,,,,,,,,,,,,,,,,,,,,,,,,,,,,,,
treasuryL03_2.png,US Department of the Treasury,G,Circles,Top-center,1,3,n,2,n,n,60.22,20.79,81.25,1,0,0,,,,,,,,,,,,,,,,,,,,,,,,,,,,,,
treasuryL04_1.png,US Department of the Treasury,G,Table,Bottom-center,1,1,n,1,n,n,53.33,19.61,86.67,0,0,0,,,,,,,,,,,,,,,,,,,,,,,,,,,,,,
treasuryL10_1.png,US Department of the Treasury,G,Table,Bottom-center,1,1,n,1,n,n,49.4,34.69,35.29,0,0,0,,,,,,,,,,,,,,,,,,,,,,,,,,,,,,
treasuryL11_2.png,US Department of the Treasury,G,Circles,"(title1) top-center, (title2) bottom-center",1,3,n,1,n,n,56.18,24.49,70.59,1,0,0,,,,,,,,,,,,,n,1,n,n,56.18,24.49,70.59,1,0,0,,,,,,,,
treasuryL13.png,US Department of the Treasury,G,Table,"(title1) top-center, (title2) bottom-center",1,1,n,1,n,n,56.82,10.1,50,0,0,0,,,,,,,,,,,,,Sector:,"2009-2011"",(title1)",top-center,,(title2),bottom-center,1,1,n,1,n,n,56.82,10.1,50,0,0,0
treasuryL16.png,US Department of the Treasury,G,Bars,Bottom-center,1,3,n,2,n,n,20.69,3.09,57.14,1,0,0,,,,,,,,,,,,,,,,,,,,,,,,,,,,,,
v482_n7386_5_f5.png,Nature,S,Diagrams,none,1,2,n,2,n,n,50.57,16.16,90.48,0,0,0,,,,,,,,,,,,,,,,,,,,,,,,,,,,,,
v482_n7386_7_f2.png,Nature,S,Diagrams,none,2,2,n,2,n,n,41.18,2.11,86.67,0,0,0,,,,,,,,,,,,,,,,,,,,,,,,,,,,,,
v483_n7387_20_f2.png,Nature,S,Diagrams,none,1,3,n,1,n,n,76.74,34.65,100,0,0,0,,,,,,,,,,,,,,,,,,,,,,,,,,,,,,
v483_n7387_5_f1.png,Nature,S,Lines,none,2,2,n,3,n,n,48.78,26.32,88.24,0,0,0,,,,,,,,,,,,,,,,,,,,,,,,,,,,,,
v483_n7387_7_f4.png,Nature,S,Area,none,3,3,n,3,n,n,44.94,3.92,81.25,0,0,0,,,,,,,,,,,,,,,,,,,,,,,,,,,,,,
v483_n7388_11_f2.png,Nature,S,Bars,none,3,1,y,3,n,n,41.18,4.26,68.42,0,0,0,,,,,,,,,,,,,,,,,,,,,,,,,,,,,,
v483_n7388_14_f3.png,Nature,S,Points,none,2,2,n,1,n,n,71.11,8.65,100,0,0,0,,,,,,,,,,,,,,,,,,,,,,,,,,,,,,
v483_n7389_24_f3.png,Nature,S,Diagrams,none,2,2,n,1,n,n,46.59,12,90.91,0,0,0,,,,,,,,,,,,,,,,,,,,,,,,,,,,,,
v483_n7390_14_f2.png,Nature,S,Points,none,1,1,y,2,n,n,69.05,25,90,0,0,0,,,,,,,,,,,,,,,,,,,,,,,,,,,,,,
v483_n7390_21_f4.png,Nature,S,Diagrams,none,1,2,n,1,n,n,64.52,5.05,87.5,0,0,0,,,,,,,,,,,,,,,,,,,,,,,,,,,,,,
v483_n7390_8_f1.png,Nature,S,Lines,none,1,2,n,2,n,n,56.32,5.1,68.42,0,1,0,,,,,,,,,,,,,,,,,,,,,,,,,,,,,,
v483_n7391_1_f1.png,Nature,S,Maps,none,3,3,n,1,y,n,58.33,4.17,86.67,0,0,0,,,,,,,,,,,,,,,,,,,,,,,,,,,,,,
v483_n7391_3_f5.png,Nature,S,Diagrams,none,2,1,y,2,y,n,53.85,3.06,94.12,0,0,0,,,,,,,,,,,,,,,,,,,,,,,,,,,,,,
v483_n7391_8_f1.png,Nature,S,Lines,none,1,1,y,1,n,n,59.04,10.87,88.89,0,0,0,,,,,,,,,,,,,,,,,,,,,,,,,,,,,,
v484_n7392_14_f3.png,Nature,S,Trees and Networks,none,1,1,y,1,y,n,80.95,1.04,100,0,1,0,,,,,,,,,,,,,,,,,,,,,,,,,,,,,,
v484_n7393_20_f1.png,Nature,S,Diagrams,none,1,3,n,3,n,n,75.58,26.37,93.75,0,0,0,,,,,,,,,,,,,,,,,,,,,,,,,,,,,,
v484_n7393_6_f4.png,Nature,S,Lines,none,1,1,y,2,n,n,53.26,18.45,78.95,0,0,0,,,,,,,,,,,,,,,,,,,,,,,,,,,,,,
v484_n7394_10_f4.png,Nature,S,Lines,none,2,3,n,3,n,n,44.83,3.88,61.11,0,0,0,,,,,,,,,,,,,,,,,,,,,,,,,,,,,,
v484_n7394_5_f2.png,Nature,S,Lines,none,1,1,y,1,n,n,32.94,25.26,73.68,0,0,0,,,,,,,,,,,,,,,,,,,,,,,,,,,,,,
v484_n7394_5_f5.png,Nature,S,Area,none,1,1,y,1,n,n,29.35,2.97,55.56,0,0,0,,,,,,,,,,,,,,,,,,,,,,,,,,,,,,
v484_n7394_8_f2.png,Nature,S,Points,none,2,1,y,1,n,n,48.42,6.93,94.44,0,0,0,,,,,,,,,,,,,,,,,,,,,,,,,,,,,,
v484_n7394_8_f4.png,Nature,S,Points,none,1,1,y,1,n,n,60.87,27.45,63.16,0,0,0,,,,,,,,,,,,,,,,,,,,,,,,,,,,,,
v484_n7395_11_f1.png,Nature,S,Maps,none,1,2,n,2,y,n,65.82,12.09,82.35,0,0,0,,,,,,,,,,,,,,,,,,,,,,,,,,,,,,
v485_n7397_14_f3.png,Nature,S,Table,none,1,1,y,1,n,n,42.05,34,72.22,0,0,0,,,,,,,,,,,,,,,,,,,,,,,,,,,,,,
v485_n7397_15_f1.png,Nature,S,Trees and Networks,none,2,3,n,1,n,n,45.35,8.25,100,0,0,0,,,,,,,,,,,,,,,,,,,,,,,,,,,,,,
v485_n7397_6_f4.png,Nature,S,Lines,none,2,3,n,2,n,n,62.22,26.53,60,0,0,0,,,,,,,,,,,,,,,,,,,,,,,,,,,,,,
v485_n7399_13_f4.png,Nature,S,Points,none,3,3,n,2,n,n,38.71,8.16,86.67,0,0,0,,,,,,,,,,,,,,,,,,,,,,,,,,,,,,
v485_n7399_9_f2.png,Nature,S,Points,none,1,2,n,2,n,n,43.68,6.32,70.59,0,0,0,,,,,,,,,,,,,,,,,,,,,,,,,,,,,,
v485_n7400_14_f1.png,Nature,S,Maps,none,3,3,n,3,y,n,45.24,5.32,81.25,0,0,0,,,,,,,,,,,,,,,,,,,,,,,,,,,,,,
v485_n7400_14_f2.png,Nature,S,Points,none,3,2,n,3,n,n,24.68,5.26,64.29,0,0,0,,,,,,,,,,,,,,,,,,,,,,,,,,,,,,
v485_n7400_15_f2.png,Nature,S,Bars,none,2,3,n,2,y,n,76.14,15.79,93.75,0,1,0,,,,,,,,,,,,,,,,,,,,,,,,,,,,,,
v486_n7401_8_f1.png,Nature,S,Lines,none,3,3,n,3,n,n,50.55,12.26,76.47,0,0,0,,,,,,,,,,,,,,,,,,,,,,,,,,,,,,
v486_n7401_8_f2.png,Nature,S,Maps,none,3,3,n,1,y,n,58.62,5.15,77.78,0,0,0,,,,,,,,,,,,,,,,,,,,,,,,,,,,,,
v486_n7403_19_f2.png,Nature,S,Grid / Matrix,none,2,2,n,1,n,n,60.67,7.92,91.67,0,0,0,,,,,,,,,,,,,,,,,,,,,,,,,,,,,,
v486_n7403_1_f8.png,Nature,S,Distribution,none,2,2,n,1,n,n,36.59,1.03,78.95,0,0,0,,,,,,,,,,,,,,,,,,,,,,,,,,,,,,
v486_n7404_1_f2.png,Nature,S,Diagrams,none,1,2,n,1,y,n,63.41,0,100,0,1,0,,,,,,,,,,,,,,,,,,,,,,,,,,,,,,
v486_n7404_20_f6.png,Nature,S,Points,none,2,1,n,2,n,n,34.38,8.65,76.47,0,0,0,,,,,,,,,,,,,,,,,,,,,,,,,,,,,,
v486_n7404_6_f1.png,Nature,S,Grid / Matrix,none,1,2,n,1,n,n,82.8,12.12,93.75,0,0,0,,,,,,,,,,,,,,,,,,,,,,,,,,,,,,
v486_n7404_9_f2.png,Nature,S,Lines,none,3,3,n,2,n,n,36.56,10.68,47.06,0,0,0,,,,,,,,,,,,,,,,,,,,,,,,,,,,,,
v487_n7405_21_f2.png,Nature,S,Lines,none,2,2,n,2,n,n,54.22,13.4,93.33,0,0,0,,,,,,,,,,,,,,,,,,,,,,,,,,,,,,
v487_n7405_22_f1.png,Nature,S,Diagrams,none,2,2,n,2,n,n,53.57,9.57,70.59,0,0,0,,,,,,,,,,,,,,,,,,,,,,,,,,,,,,
v487_n7405_6_f4.png,Nature,S,Lines,none,1,2,n,2,n,n,42.17,19.59,75,0,0,0,,,,,,,,,,,,,,,,,,,,,,,,,,,,,,
v487_n7405_7_f1.png,Nature,S,Lines,none,3,3,n,2,n,n,39.36,7.92,60,0,0,0,,,,,,,,,,,,,,,,,,,,,,,,,,,,,,
v487_n7406_13_f2.png,Nature,S,Points,none,2,3,n,3,y,n,47.87,5.56,88.89,0,1,0,,,,,,,,,,,,,,,,,,,,,,,,,,,,,,
v487_n7406_13_f5.png,Nature,S,Diagrams,none,2,3,n,2,y,n,55.68,1.89,93.75,0,0,0,,,,,,,,,,,,,,,,,,,,,,,,,,,,,,
v487_n7407_15_f3.png,Nature,S,Table,none,2,1,n,2,n,n,52.44,3.26,76.47,0,0,0,,,,,,,,,,,,,,,,,,,,,,,,,,,,,,
v487_n7407_22_f2.png,Nature,S,Diagrams,none,1,2,n,1,n,n,74.73,18.37,100,0,0,0,,,,,,,,,,,,,,,,,,,,,,,,,,,,,,
v487_n7407_22_f4.png,Nature,S,Diagrams,none,1,2,n,1,n,n,66.67,9.71,93.33,0,0,0,,,,,,,,,,,,,,,,,,,,,,,,,,,,,,
v487_n7408_15_f3.png,Nature,S,Bars,none,3,1,y,1,n,n,58.51,15,57.14,0,0,0,,,,,,,,,,,,,,,,,,,,,,,,,,,,,,
v488_n7410_13_f4.png,Nature,S,Diagrams,none,1,1,n,1,y,n,91.86,15.46,100,0,0,0,,,,,,,,,,,,,,,,,,,,,,,,,,,,,,
v488_n7410_15_f3.png,Nature,S,Trees and Networks,none,2,3,n,2,n,n,33.33,5.1,66.67,0,0,0,,,,,,,,,,,,,,,,,,,,,,,,,,,,,,
v488_n7411_6_f4.png,Nature,S,Lines,none,2,2,n,2,n,n,38.82,18.75,80,0,0,0,,,,,,,,,,,,,,,,,,,,,,,,,,,,,,
v488_n7411_9_f1.png,Nature,S,Maps,none,3,3,n,1,y,n,71.91,0.98,93.75,0,0,0,,,,,,,,,,,,,,,,,,,,,,,,,,,,,,
v488_n7412_1_f3.png,Nature,S,Points,none,1,1,y,1,n,n,39.53,16.16,71.43,0,0,0,,,,,,,,,,,,,,,,,,,,,,,,,,,,,,
v488_n7412_1_f4.png,Nature,S,Lines,none,1,1,y,1,n,n,36.26,6,80,0,0,0,,,,,,,,,,,,,,,,,,,,,,,,,,,,,,
v488_n7412_4_f1.png,Nature,S,Diagrams,none,2,2,n,2,n,n,40.23,3,88.24,0,0,0,,,,,,,,,,,,,,,,,,,,,,,,,,,,,,
v488_n7412_7_f1.png,Nature,S,Diagrams,none,2,3,n,1,n,n,57.95,16.16,82.35,0,0,0,,,,,,,,,,,,,,,,,,,,,,,,,,,,,,
v488_n7412_8_f1.png,Nature,S,Maps,none,2,2,n,3,y,n,33.72,0,52.94,0,0,0,,,,,,,,,,,,,,,,,,,,,,,,,,,,,,
v488_n7412_9_f1.png,Nature,S,Maps,Key (top-right),3,2,n,3,y,n,42.17,7.14,73.33,0,0,0,,,,,,,,,,,,,,,,,,,,,,,,,,,,,,
v488_n7413_3_f2.png,Nature,S,Lines,none,3,3,n,3,n,n,58.62,13.86,93.33,0,0,0,,,,,,,,,,,,,,,,,,,,,,,,,,,,,,
v489_n7414_20_f1.png,Nature,S,Diagrams,none,2,2,n,2,y,n,47.19,1.01,86.67,0,0,0,,,,,,,,,,,,,,,,,,,,,,,,,,,,,,
v489_n7414_25_f2.png,Nature,S,Lines,none,2,2,n,1,n,n,36.56,12.87,68.75,0,0,0,,,,,,,,,,,,,,,,,,,,,,,,,,,,,,
v489_n7415_12_f5.png,Nature,S,Bars,none,2,2,n,2,n,n,40.48,2.13,81.25,0,0,0,,,,,,,,,,,,,,,,,,,,,,,,,,,,,,
v489_n7415_7_f2.png,Nature,S,Diagrams,none,1,1,n,2,n,n,60,17.53,88.24,0,0,0,,,,,,,,,,,,,,,,,,,,,,,,,,,,,,
v489_n7416_15_f2.png,Nature,S,Points,none,1,1,y,1,n,n,70.93,12.24,100,0,0,0,,,,,,,,,,,,,,,,,,,,,,,,,,,,,,
v489_n7416_19_f3.png,Nature,S,Table,none,1,1,y,2,n,n,41.76,22.92,81.25,0,0,1,,,,,,,,,,,,,,,,,,,,,,,,,,,,,,
v489_n7416_3_f4.png,Nature,S,Grid / Matrix,Top(low)-right,3,3,n,2,n,n,64.04,5.1,84.21,0,0,0,,,,,,,,,,,,,,,,,,,,,,,,,,,,,,
v489_n7416_4_f6.png,Nature,S,Diagrams,none,1,2,n,1,n,n,77.65,1,100,0,0,0,,,,,,,,,,,,,,,,,,,,,,,,,,,,,,
v490_n7418_12_f1.png,Nature,S,Points,none,3,3,n,2,n,n,54.65,18.18,63.16,0,0,0,,,,,,,,,,,,,,,,,,,,,,,,,,,,,,
v490_n7418_14_f2.png,Nature,S,Trees and Networks,none,1,1,y,1,n,n,54.65,2.94,85.71,0,0,0,,,,,,,,,,,,,,,,,,,,,,,,,,,,,,
v490_n7418_1_f2.png,Nature,S,Bars,none,2,3,n,2,y,y,26.44,4.08,94.74,0,1,0,,,,,,,,,,,,,,,,,,,,,,,,,,,,,,
v490_n7418_6_f3.png,Nature,S,Points,none,1,2,n,2,n,n,56.63,24.74,94.44,0,0,0,,,,,,,,,,,,,,,,,,,,,,,,,,,,,,
v490_n7419_11_f1.png,Nature,S,Maps,none,3,3,n,3,y,n,56.47,3.19,80,0,0,0,,,,,,,,,,,,,,,,,,,,,,,,,,,,,,
v490_n7419_20_f3.png,Nature,S,Table,none,1,1,y,1,n,n,46.74,17.43,89.47,0,0,1,,,,,,,,,,,,,,,,,,,,,,,,,,,,,,
v490_n7419_2_f1.png,Nature,S,Diagrams,none,2,1,n,1,n,n,62.92,19.8,87.5,0,0,0,,,,,,,,,,,,,,,,,,,,,,,,,,,,,,
v490_n7419_2_f2.png,Nature,S,Diagrams,none,2,2,n,1,n,n,45.12,9.28,70.59,0,0,0,,,,,,,,,,,,,,,,,,,,,,,,,,,,,,
v490_n7419_7_f4.png,Nature,S,Diagrams,none,3,3,n,1,n,n,75.61,3.16,88.24,0,0,0,,,,,,,,,,,,,,,,,,,,,,,,,,,,,,
v490_n7420_13_f4.png,Nature,S,Lines,none,2,2,n,2,n,n,49.41,19,50,0,0,0,,,,,,,,,,,,,,,,,,,,,,,,,,,,,,
v490_n7420_23_f5.png,Nature,S,Diagrams,none,2,3,n,1,n,n,66.67,1.03,93.75,0,0,0,,,,,,,,,,,,,,,,,,,,,,,,,,,,,,
vis109.png,Visual.ly,I,Diagrams,Top-left,2,1,n,2,n,n,61.36,2,81.25,0,0,0,,,,,,,,,,,,,,,,,,,,,,,,,,,,,,
vis230.png,Visual.ly,I,Bars,none,3,3,n,2,y,n,51.76,7.07,87.5,0,1,0,,,,,,,,,,,,,,,,,,,,,,,,,,,,,,
vis250.png,Visual.ly,I,Bars,Top-left,1,2,n,2,y,y,85.71,10.2,94.44,1,1,0,,,,,,,,,,,,,,,,,,,,,,,,,,,,,,
vis278.png,Visual.ly,I,Maps,Top-right,1,2,n,1,y,n,54.02,3.19,94.74,1,0,0,,,,,,,,,,,,,,,,,,,,,,,,,,,,,,
vis286.png,Visual.ly,I,Maps,Bottom-center(right),3,1,y,1,y,n,65.12,2.15,100,0,0,0,,,,,,,,,,,,,,,,,,,,,,,,,,,,,,
vis288.png,Visual.ly,I,Diagrams,Top-right,3,3,n,3,y,y,66.28,7.84,76.47,0,0,0,,,,,,,,,,,,,,,,,,,,,,,,,,,,,,
vis328.png,Visual.ly,I,Diagrams,Top-left,3,3,n,3,y,y,67.78,6.8,93.33,0,1,0,,,,,,,,,,,,,,,,,,,,,,,,,,,,,,
vis386.png,Visual.ly,I,Diagrams,Top-left,2,3,n,3,y,y,76.67,6.12,81.25,1,1,1,,,,,,,,,,,,,,,,,,,,,,,,,,,,,,
vis399.png,Visual.ly,I,Trees and Networks,Bottom(higher)-left,1,3,n,1,n,n,76.04,8.65,100,0,0,1,,,,,,,,,,,,,,,,,,,,,,,,,,,,,,
vis409.png,Visual.ly,I,Circles,Top,3,3,n,3,y,n,56.25,7.37,93.33,1,1,0,,,,,,,,,,,,,,,,,,,,,,,,,,,,,,
vis416.png,Visual.ly,I,Table,Top,3,2,n,3,y,y,79.07,0.99,94.44,0,1,0,,,,,,,,,,,,,,,,,,,,,,,,,,,,,,
vis417.png,Visual.ly,I,Diagrams,Top-(off)right,2,3,n,2,y,n,57.32,5.43,100,0,1,0,,,,,,,,,,,,,,,,,,,,,,,,,,,,,,
vis428.png,Visual.ly,I,Table,Top (lower),2,2,n,2,y,n,53.66,6.93,95,0,1,0,,,,,,,,,,,,,,,,,,,,,,,,,,,,,,
vis499.png,Visual.ly,I,Table,Top-left,3,3,n,3,y,y,70.73,7.45,100,0,0,0,,,,,,,,,,,,,,,,,,,,,,,,,,,,,,
vis512.png,Visual.ly,I,Table,Top-center,2,2,n,3,y,y,74.19,4.04,100,0,1,0,,,,,,,,,,,,,,,,,,,,,,,,,,,,,,
vis564.png,Visual.ly,I,Area,Top-left,2,2,n,2,y,y,56.47,13.13,94.12,1,1,0,,,,,,,,,,,,,,,,,,,,,,,,,,,,,,
vis586.png,Visual.ly,I,Lines,Top-left,2,2,n,2,y,n,47.31,1.98,95,0,1,0,,,,,,,,,,,,,,,,,,,,,,,,,,,,,,
vis618.png,Visual.ly,I,Maps,Top-center,1,2,n,1,y,n,63.95,9.8,89.47,1,0,0,,,,,,,,,,,,,,,,,,,,,,,,,,,,,,
vis625.png,Visual.ly,I,Circles,Top,3,1,n,1,y,y,85.19,15.62,93.33,1,1,0,,,,,,,,,,,,,,,,,,,,,,,,,,,,,,
vis630.png,Visual.ly,I,Area,none,3,2,n,2,y,y,48.91,2,80,0,0,0,,,,,,,,,,,,,,,,,,,,,,,,,,,,,,
vis652.png,Visual.ly,I,Bars,Top-left,3,2,n,2,y,y,57.61,0,91.67,1,1,0,,,,,,,,,,,,,,,,,,,,,,,,,,,,,,
vis67.png,Visual.ly,I,Trees and Networks,none,3,2,n,2,y,n,77.01,2.11,94.74,0,1,0,,,,,,,,,,,,,,,,,,,,,,,,,,,,,,
vis673.png,Visual.ly,I,Trees and Networks,Top-center,1,3,n,2,n,n,61.36,16.33,88.89,0,0,1,,,,,,,,,,,,,,,,,,,,,,,,,,,,,,
vis678.png,Visual.ly,I,Bars,Top-left,3,2,n,3,y,y,61.36,0,94.12,1,1,0,,,,,,,,,,,,,,,,,,,,,,,,,,,,,,
vis684.png,Visual.ly,I,Area,none,2,1,y,1,n,n,77.11,2.13,87.5,1,0,1,,,,,,,,,,,,,,,,,,,,,,,,,,,,,,
vis697.png,Visual.ly,I,Area,Top-(off)left,3,1,n,2,y,y,63.83,4.59,100,0,1,0,,,,,,,,,,,,,,,,,,,,,,,,,,,,,,
vis708.png,Visual.ly,I,Table,Center,3,1,y,3,y,n,73.26,7.07,93.33,0,1,0,,,,,,,,,,,,,,,,,,,,,,,,,,,,,,
vis729.png,Visual.ly,I,Area,Top-left,3,1,n,2,y,n,61.8,1.94,93.75,1,0,0,,,,,,,,,,,,,,,,,,,,,,,,,,,,,,
vis734.png,Visual.ly,I,Grid / Matrix,Top,3,2,n,1,n,n,73.49,9.28,88.24,0,0,1,,,,,,,,,,,,,,,,,,,,,,,,,,,,,,
vis768.png,Visual.ly,I,Points,Top-center,2,2,n,2,n,n,34.48,0,87.5,0,1,0,,,,,,,,,,,,,,,,,,,,,,,,,,,,,,
vis826.png,Visual.ly,I,Diagrams,Top-center,2,1,n,2,y,y,76.14,13.27,92.86,0,1,1,,,,,,,,,,,,,,,,,,,,,,,,,,,,,,
vis831.png,Visual.ly,I,Area,Top-right,3,1,n,2,y,n,70.97,0,94.12,1,0,0,,,,,,,,,,,,,,,,,,,,,,,,,,,,,,
vis850.png,Visual.ly,I,Table,Top,2,1,n,1,y,n,62.35,2.2,100,0,1,0,,,,,,,,,,,,,,,,,,,,,,,,,,,,,,
vis853.png,Visual.ly,I,Maps,Top,3,2,n,2,y,n,66.67,10.31,75,0,1,1,,,,,,,,,,,,,,,,,,,,,,,,,,,,,,
vis859.png,Visual.ly,I,Diagrams,(off)Center-(off)left,2,1,n,2,y,y,70.33,7.92,94.74,0,0,0,,,,,,,,,,,,,,,,,,,,,,,,,,,,,,
vis87.png,Visual.ly,I,Maps,Top-left,1,2,n,1,y,n,38.2,4.12,78.95,0,0,0,,,,,,,,,,,,,,,,,,,,,,,,,,,,,,
vis881.png,Visual.ly,I,Diagrams,Top-left,2,3,n,2,y,n,62.07,5,100,0,1,1,,,,,,,,,,,,,,,,,,,,,,,,,,,,,,
visMost108.png,Visual.ly,I,Bars,Top-(off)left,3,3,n,2,y,n,65.43,3.23,91.67,1,1,0,,,,,,,,,,,,,,,,,,,,,,,,,,,,,,
visMost132.png,Visual.ly,I,Points,Top-left,3,3,n,3,y,n,59.34,18.1,82.35,0,0,0,,,,,,,,,,,,,,,,,,,,,,,,,,,,,,
visMost143.png,Visual.ly,I,Bars,Top-left,3,2,n,1,y,y,43.04,8.51,88.24,1,1,0,,,,,,,,,,,,,,,,,,,,,,,,,,,,,,
visMost147.png,Visual.ly,I,Maps,none,3,2,n,2,y,n,77.01,13,100,1,0,0,,,,,,,,,,,,,,,,,,,,,,,,,,,,,,
visMost187.png,Visual.ly,I,Points,Top-left,1,3,n,1,n,n,64.13,9.8,100,1,0,0,,,,,,,,,,,,,,,,,,,,,,,,,,,,,,
visMost190.png,Visual.ly,I,Points,Top-left,3,3,n,3,y,y,47.13,3.85,87.5,1,1,0,,,,,,,,,,,,,,,,,,,,,,,,,,,,,,
visMost215.png,Visual.ly,I,Diagrams,Top-left,3,3,n,3,y,y,80.68,3.96,100,0,0,0,,,,,,,,,,,,,,,,,,,,,,,,,,,,,,
visMost217.png,Visual.ly,I,Table,Top-left,3,2,n,1,y,n,76.47,2.11,100,1,0,0,,,,,,,,,,,,,,,,,,,,,,,,,,,,,,
visMost227.png,Visual.ly,I,Table,Top,2,3,n,3,y,y,78.31,0,100,0,1,0,,,,,,,,,,,,,,,,,,,,,,,,,,,,,,
visMost232.png,Visual.ly,I,Table,Top-center,2,3,n,2,y,y,75.86,15.53,100,0,1,0,,,,,,,,,,,,,,,,,,,,,,,,,,,,,,
visMost240.png,Visual.ly,I,Trees and Networks,Top-left,2,3,n,2,n,n,54.65,10.64,86.67,0,0,0,,,,,,,,,,,,,,,,,,,,,,,,,,,,,,
visMost244.png,Visual.ly,I,Diagrams,Top-center,3,3,n,3,y,y,56.98,4.21,88.89,0,0,0,,,,,,,,,,,,,,,,,,,,,,,,,,,,,,
visMost248.png,Visual.ly,I,Table,Top,2,3,n,3,y,n,51.04,11.88,75,0,1,1,,,,,,,,,,,,,,,,,,,,,,,,,,,,,,
visMost255.png,Visual.ly,I,Diagrams,Top,2,2,n,1,y,n,55.21,6.86,100,0,1,0,,,,,,,,,,,,,,,,,,,,,,,,,,,,,,
visMost261.png,Visual.ly,I,Table,Top-center,2,2,n,1,y,n,45.12,3.3,100,0,1,0,,,,,,,,,,,,,,,,,,,,,,,,,,,,,,
visMost267.png,Visual.ly,I,Diagrams,Top-left,2,2,n,2,y,n,62.77,18.27,100,0,1,0,,,,,,,,,,,,,,,,,,,,,,,,,,,,,,
visMost271.png,Visual.ly,I,Maps,Left (vertical),3,3,n,3,y,n,46.67,5.83,88.24,1,1,0,,,,,,,,,,,,,,,,,,,,,,,,,,,,,,
visMost274.png,Visual.ly,I,Bars,Top-right,3,3,n,3,y,n,64.44,5.15,93.33,0,1,0,,,,,,,,,,,,,,,,,,,,,,,,,,,,,,
visMost282.png,Visual.ly,I,Circles,Top-(off)left,3,3,n,2,n,n,80,8.24,100,1,0,0,,,,,,,,,,,,,,,,,,,,,,,,,,,,,,
visMost357.png,Visual.ly,I,Circles,Top-center,3,3,n,3,y,y,49.45,5.15,76.47,1,1,0,,,,,,,,,,,,,,,,,,,,,,,,,,,,,,
visMost362.png,Visual.ly,I,Diagrams,Top,2,2,n,1,n,n,80.23,19.59,100,0,1,0,,,,,,,,,,,,,,,,,,,,,,,,,,,,,,
visMost374.png,Visual.ly,I,Maps,Top-left,3,3,n,3,y,n,51.76,8.33,94.12,1,0,0,,,,,,,,,,,,,,,,,,,,,,,,,,,,,,
visMost376.png,Visual.ly,I,Circles,Upper-bottom-left,3,3,n,3,y,n,65.91,11,94.12,1,1,0,,,,,,,,,,,,,,,,,,,,,,,,,,,,,,
visMost378.png,Visual.ly,I,Table,Off-top-center,2,3,n,2,y,y,65.26,5.56,94.74,1,1,0,,,,,,,,,,,,,,,,,,,,,,,,,,,,,,
visMost387.png,Visual.ly,I,Table,Top,2,3,n,1,y,y,78.82,10.53,100,0,1,1,,,,,,,,,,,,,,,,,,,,,,,,,,,,,,
visMost420.png,Visual.ly,I,Circles,Top-left,3,3,n,2,y,n,70.13,12.22,88.89,1,1,0,,,,,,,,,,,,,,,,,,,,,,,,,,,,,,
visMost451.png,Visual.ly,I,Table,Top-left,3,3,n,2,y,n,83.33,16.48,100,0,1,0,,,,,,,,,,,,,,,,,,,,,,,,,,,,,,
visMost456.png,Visual.ly,I,Diagrams,Top-center,3,2,n,2,y,y,61.9,9.78,92.86,0,1,0,,,,,,,,,,,,,,,,,,,,,,,,,,,,,,
visMost468.png,Visual.ly,I,Grid / Matrix,Top-center,2,3,n,3,n,n,53.01,3.12,100,0,1,0,,,,,,,,,,,,,,,,,,,,,,,,,,,,,,
visMost496.png,Visual.ly,I,Maps,Top,3,3,n,3,y,n,38.64,10.89,93.75,1,1,1,,,,,,,,,,,,,,,,,,,,,,,,,,,,,,
visMost505.png,Visual.ly,I,Points,Top-left,1,3,n,1,n,n,60.92,8.16,78.57,1,0,0,,,,,,,,,,,,,,,,,,,,,,,,,,,,,,
visMost52.png,Visual.ly,I,Diagrams,Top-center,3,3,n,3,y,y,57.61,12.26,100,0,0,1,,,,,,,,,,,,,,,,,,,,,,,,,,,,,,
visMost523.png,Visual.ly,I,Maps,Top-left,1,1,n,2,y,n,87.21,7.37,100,0,0,0,,,,,,,,,,,,,,,,,,,,,,,,,,,,,,
visMost526.png,Visual.ly,I,Table,Top-left,3,3,n,3,y,y,70.45,2.06,94.74,1,0,0,,,,,,,,,,,,,,,,,,,,,,,,,,,,,,
visMost537.png,Visual.ly,I,Trees and Networks,Top-left,2,3,n,3,y,y,68.89,11.11,100,0,0,0,,,,,,,,,,,,,,,,,,,,,,,,,,,,,,
visMost54.png,Visual.ly,I,Bars,Top-left,3,2,n,3,y,n,72.94,3.96,100,0,1,0,,,,,,,,,,,,,,,,,,,,,,,,,,,,,,
visMost545.png,Visual.ly,I,Table,Top-left,2,1,n,2,y,n,73.63,7.69,100,0,1,0,,,,,,,,,,,,,,,,,,,,,,,,,,,,,,
visMost55.png,Visual.ly,I,Bars,Top-right,3,3,n,2,y,n,65.06,1.05,100,1,1,0,,,,,,,,,,,,,,,,,,,,,,,,,,,,,,
visMost575.png,Visual.ly,I,Points,Top-left,3,2,n,2,n,n,60.23,4.12,86.67,1,0,0,,,,,,,,,,,,,,,,,,,,,,,,,,,,,,
visMost601.png,Visual.ly,I,Lines,Top-center,2,2,n,2,n,n,60.67,6,88.24,0,0,0,,,,,,,,,,,,,,,,,,,,,,,,,,,,,,
visMost623.png,Visual.ly,I,Table,Top-center,3,3,n,2,y,y,77.17,6.8,100,0,1,0,,,,,,,,,,,,,,,,,,,,,,,,,,,,,,
visMost635.png,Visual.ly,I,Maps,Top-left,2,1,n,1,y,n,66.29,5.94,95,0,0,0,,,,,,,,,,,,,,,,,,,,,,,,,,,,,,
visMost645.png,Visual.ly,I,Table,Top-left,2,1,n,1,y,y,43.96,7.29,58.82,0,1,0,,,,,,,,,,,,,,,,,,,,,,,,,,,,,,
visMost657.png,Visual.ly,I,Table,Top,3,3,n,3,n,n,61.63,6.32,94.44,1,1,0,,,,,,,,,,,,,,,,,,,,,,,,,,,,,,
visMost673.png,Visual.ly,I,Diagrams,Top-center,1,1,n,2,y,n,73.17,1.05,94.12,0,1,0,,,,,,,,,,,,,,,,,,,,,,,,,,,,,,
visMost705.png,Visual.ly,I,Table,Top-left,2,3,n,1,y,n,71.11,3.03,100,0,1,1,,,,,,,,,,,,,,,,,,,,,,,,,,,,,,
visMost735.png,Visual.ly,I,Table,Top-center (curved),3,2,n,2,y,n,56.32,4.9,80,0,1,0,,,,,,,,,,,,,,,,,,,,,,,,,,,,,,
visMost745.png,Visual.ly,I,Bars,Top-center,3,2,n,2,y,n,77.78,0.96,100,1,1,0,,,,,,,,,,,,,,,,,,,,,,,,,,,,,,
visMost755.png,Visual.ly,I,Table,Top-center,2,2,n,3,y,y,38.82,2.22,63.16,0,1,0,,,,,,,,,,,,,,,,,,,,,,,,,,,,,,
visMost758.png,Visual.ly,I,Table,Top,2,1,n,3,y,n,71.43,8.08,94.74,0,1,0,,,,,,,,,,,,,,,,,,,,,,,,,,,,,,
visMost77.png,Visual.ly,I,Trees and Networks,Center,3,3,n,3,y,y,74.44,11.11,94.12,0,1,0,,,,,,,,,,,,,,,,,,,,,,,,,,,,,,
visMost82.png,Visual.ly,I,Diagrams,Bottom-center,2,3,n,1,y,n,68.18,1.92,100,0,0,0,,,,,,,,,,,,,,,,,,,,,,,,,,,,,,
visMost83.png,Visual.ly,I,Grid / Matrix,Top,1,2,n,1,n,n,70,0.94,100,0,0,0,,,,,,,,,,,,,,,,,,,,,,,,,,,,,,
visMost92.png,Visual.ly,I,Lines,Top-left,2,2,n,1,y,n,67.03,7,89.47,0,1,0,,,,,,,,,,,,,,,,,,,,,,,,,,,,,,
visMost93.png,Visual.ly,I,Diagrams,Top-left,3,3,n,3,n,n,77.27,16.67,85,0,0,1,,,,,,,,,,,,,,,,,,,,,,,,,,,,,,
whoB03_1.png,World Health Organization,G,Bars,Top-center,2,1,n,1,n,n,50.57,14.29,71.43,0,0,0,,,,,,,,,,,,,,,,,,,,,,,,,,,,,,
whoB05_1.png,World Health Organization,G,Area,Top,2,1,n,1,n,n,48.89,8,78.57,0,0,0,,,,,,,,,,,,,,,,,,,,,,,,,,,,,,
whoB13_2.png,World Health Organization,G,Circles,Top,3,3,n,3,n,n,30.38,11.58,66.67,1,0,0,,,,,,,,,,,,,,,,,,,,,,,,,,,,,,
whoB15_1.png,World Health Organization,G,Bars,Top-center,2,3,n,2,n,n,57.95,31.96,85.71,0,0,0,,,,,,,,,,,,,,,,,,,,,,,,,,,,,,
whoB19_1.png,World Health Organization,G,Points,Top-center,1,3,n,1,n,n,46.59,11,70.59,0,1,0,,,,,,,,,,,,,,,,,,,,,,,,,,,,,,
whoB20_1.png,World Health Organization,G,Bars,Top-center,2,3,n,2,n,n,54.02,25.51,68.75,0,0,0,,,,,,,,,,,,,,,,,,,,,,,,,,,,,,
whoB22_1.png,World Health Organization,G,Table,Top,2,1,n,1,n,n,44.83,26.88,66.67,1,0,0,,,,,,,,,,,,,,,,,,,,,,,,,,,,,,
whoB24_1.png,World Health Organization,G,Distribution,Top-center,1,1,n,1,n,n,30.59,5.05,58.82,0,0,0,,,,,,,,,,,,,,,,,,,,,,,,,,,,,,
whoB25_2.png,World Health Organization,G,Lines,Top-center,1,2,n,2,n,n,61.63,32.32,82.35,0,0,0,,,,,,,,,,,,,,,,,,,,,,,,,,,,,,
whoB32_1.png,World Health Organization,G,Bars,Top-center,2,1,n,1,n,n,43.82,19.23,66.67,0,0,0,,,,,,,,,,,,,,,,,,,,,,,,,,,,,,
whoI11_1.png,World Health Organization,G,Bars,Top-center,3,1,y,2,n,n,77.91,39.39,88.89,0,0,0,,,,,,,,,,,,,,,,,,,,,,,,,,,,,,
whoI11_2.png,World Health Organization,G,Bars,Top-center,1,1,y,2,n,n,47.31,6,87.5,0,0,0,,,,,,,,,,,,,,,,,,,,,,,,,,,,,,
whoI12_2.png,World Health Organization,G,Bars,Top-center,3,1,y,2,n,n,78.02,32.32,92.31,0,0,0,,,,,,,,,,,,,,,,,,,,,,,,,,,,,,
whoI14.png,World Health Organization,G,Table,Top-left,1,1,y,1,n,n,36.67,17.65,87.5,0,0,0,,,,,,,,,,,,,,,,,,,,,,,,,,,,,,
whoI19.png,World Health Organization,G,Lines,Top-center/right,2,1,y,1,n,n,34.38,4.95,58.33,0,0,0,,,,,,,,,,,,,,,,,,,,,,,,,,,,,,
whoI22.png,World Health Organization,G,Bars,Bottom,2,1,y,1,n,n,37.08,0,33.33,0,0,0,,,,,,,,,,,,,,,,,,,,,,,,,,,,,,
whoJ15_1.png,World Health Organization,G,Bars,Top,1,1,n,2,n,n,37.08,16.16,27.78,1,1,0,,,,,,,,,,,,,,,,,,,,,,,,,,,,,,
whoJ15_2.png,World Health Organization,G,Table,Top,2,1,n,1,n,n,32.1,9.89,26.67,0,1,0,,,,,,,,,,,,,(Table,"3.4)."",Top,2,1,n,1,n,n,32.10,9.89,26.67,0,1,0",,,,,,,,,,,,,,,,
whoJ23.png,World Health Organization,G,Circles,Bottom,1,2,n,1,n,n,28.09,16.67,28.57,1,1,0,,,,,,,,,,,,,,,,,,,,,,,,,,,,,,
whoJ32.png,World Health Organization,G,Bars,Bottom,1,2,n,1,n,n,35.96,17.17,77.78,0,1,0,,,,,,,,,,,,,,,,,,,,,,,,,,,,,,
whoJ33.png,World Health Organization,G,Lines,Bottom,1,2,n,1,n,n,45.78,25.77,82.35,0,1,0,,,,,,,,,,,,,,,,,,,,,,,,,,,,,,
whoJ36_1.png,World Health Organization,G,Bars,Top-left,1,1,n,1,n,n,25.88,9.38,31.58,0,1,0,,,,,,,,,,,,,,,,,,,,,,,,,,,,,,
whoJ36_2.png,World Health Organization,G,Lines,Bottom,1,2,n,2,n,n,35.8,15.56,50,0,1,0,,,,,,,,,,,,,,,,,,,,,,,,,,,,,,
whoJ40_1.png,World Health Organization,G,Bars,Upper-bottom,2,2,n,1,n,n,28.4,5.21,52.94,0,0,1,,,,,,,,,,,,,,,,,,,,,,,,,,,,,,
whoJ40_2.png,World Health Organization,G,Circles,Top,1,2,n,1,n,n,43.01,8.74,58.82,1,1,0,,,,,,,,,,,,,,,,,,,,,,,,,,,,,,
whoJ43_2.png,World Health Organization,G,Table,Top-left,1,1,n,1,n,n,38.3,20,60,0,0,0,,,,,,,,,,,,,,,,,,,,,,,,,,,,,,
whoJ44.png,World Health Organization,G,Lines,Top,1,1,n,1,n,n,23.81,14.43,31.25,1,1,0,,,,,,,,,,,,,,,,,,,,,,,,,,,,,,
whoJ48_2.png,World Health Organization,G,Maps,Top-left,2,2,n,2,y,n,51.11,27.37,33.33,0,1,0,,,,,,,,,,,,,,,,,,,,,,,,,,,,,,
whoK04_2.png,World Health Organization,G,Bars,Top,2,1,n,1,n,n,38.27,8.51,55.56,1,1,0,,,,,,,,,,,,,,,,,,,,,,,,,,,,,,
whoK06_2.png,World Health Organization,G,Circles,Top,2,3,n,1,n,n,53.41,23,83.33,0,1,0,,,,,,,,,,,,,,,,,,,,,,,,,,,,,,
whoK07_2.png,World Health Organization,G,Table,Top-left,1,1,y,1,n,n,30.68,25.49,44.44,0,0,0,,,,,,,,,,,,,,,,,,,,,,,,,,,,,,
whoK08.png,World Health Organization,G,Table,Bottom,1,1,y,1,n,n,46.07,12.12,66.67,0,0,0,,,,,,,,,,,,,improved,drinking,water,sources,since,"1995"",Bottom,1,1,y,1,n,n,46.07,12.12,66.67,0,0,0",,,,,,,,,,,,
whoK12_2.png,World Health Organization,G,Maps,Top-left,1,2,n,1,y,n,57.78,36.17,81.25,0,1,0,,,,,,,,,,,,,,,,,,,,,,,,,,,,,,
whoK17_1.png,World Health Organization,G,Bars,Top-left,2,1,n,1,n,n,30.43,7,58.82,1,1,0,,,,,,,,,,,,,,,,,,,,,,,,,,,,,,
whoK19_1.png,World Health Organization,G,Bars,Top-left,2,2,n,2,n,n,71.59,19.23,94.74,1,1,0,,,,,,,,,,,,,,,,,,,,,,,,,,,,,,
whoK23_2.png,World Health Organization,G,Bars,Top,3,2,n,2,n,n,70.79,38.95,100,1,1,0,,,,,,,,,,,,,,,,,,,,,,,,,,,,,,
whoK31.png,World Health Organization,G,Maps,none,1,3,n,1,y,n,55.95,26.47,94.12,0,0,0,,,,,,,,,,,,,,,,,,,,,,,,,,,,,,
whoL03.png,World Health Organization,G,Table,Top,1,1,n,1,n,n,35.71,1.03,73.33,0,0,0,,,,,,,,,,,,,,,,,,,,,,,,,,,,,,
whoL06.png,World Health Organization,G,Bars,Bottom,2,1,n,1,n,n,30.12,11.22,66.67,0,0,0,,,,,,,,,,,,,,,,,,,,,,,,,,,,,,
whoL09.png,World Health Organization,G,Circles,Bottom-center,2,1,y,2,n,n,48.86,2.04,89.47,0,0,0,,,,,,,,,,,,,,,,,,,,,,,,,,,,,,
whoL10.png,World Health Organization,G,Diagrams,Bottom,2,2,n,1,n,n,34.15,2.97,78.95,0,0,0,,,,,,,,,,,,,,,,,,,,,,,,,,,,,,
whoL11.png,World Health Organization,G,Maps,Bottom,2,2,n,1,y,n,79.49,6.67,85,0,1,0,,,,,,,,,,,,,,,,,,,,,,,,,,,,,,
whoL12.png,World Health Organization,G,Diagrams,Bottom-center,2,2,n,1,n,n,36.78,3.06,83.33,0,0,0,,,,,,,,,,,,,,,,,,,,,,,,,,,,,,
whoL14.png,World Health Organization,G,Diagrams,Upper-bottom center,1,3,n,1,n,n,68.97,10,88.24,0,0,0,,,,,,,,,,,,,,,,,,,,,,,,,,,,,,
whoM05.png,World Health Organization,G,Table,none,1,1,y,1,n,n,43.68,12.87,86.67,0,0,0,,,,,,,,,,,,,,,,,,,,,,,,,,,,,,
whoN05.png,World Health Organization,G,Lines,Top,2,3,n,1,n,n,31.52,17,78.57,0,0,0,,,,,,,,,,,,,,,,,,,,,,,,,,,,,,
whoN08.png,World Health Organization,G,Table,Top,2,2,n,2,n,n,28.41,8.6,57.14,0,0,0,,,,,,,,,,,,,(based,on,the,data,from,"GSHS)a"",Top,2,2,n,2,n,n,28.41,8.60,57.14,0,0,0",,,,,,,,,,,,
whoN10.png,World Health Organization,G,Table,Top-left,2,2,n,2,n,n,31.76,15.46,72.22,0,0,0,,,,,,,,,,,,,,,,,,,,,,,,,,,,,,
whoN16_1.png,World Health Organization,G,Bars,Top,1,1,n,1,n,n,40.48,25.25,84.21,0,0,0,,,,,,,,,,,,,,,,,,,,,,,,,,,,,,
whoN18.png,World Health Organization,G,Table,Top,2,2,n,2,n,n,40.23,29.9,68.75,0,1,0,,,,,,,,,,,,,,,,,,,,,,,,,,,,,,
whoN21_1.png,World Health Organization,G,Bars,Top,2,2,n,1,n,n,42.86,20.2,66.67,0,0,0,,,,,,,,,,,,,,,,,,,,,,,,,,,,,,
whoN22.png,World Health Organization,G,Maps,Top,1,2,n,1,y,n,59.3,47.83,88.89,0,0,0,,,,,,,,,,,,,,,,,,,,,,,,,,,,,,
whoN23_2.png,World Health Organization,G,Bars,Top,1,1,y,1,n,n,32.18,11.34,64.71,0,0,0,,,,,,,,,,,,,,,,,,,,,,,,,,,,,,
whoN32_2.png,World Health Organization,G,Bars,Top,1,1,y,1,n,n,44.44,21.88,86.67,0,0,0,,,,,,,,,,,,,,,,,,,,,,,,,,,,,,
whoN33.png,World Health Organization,G,Diagrams,Top,1,1,y,1,n,n,48.28,1.04,93.75,0,0,0,,,,,,,,,,,,,,,,,,,,,,,,,,,,,,
whoO06_2.png,World Health Organization,G,Bars,Top,1,2,n,1,n,n,38.2,12.77,70.59,0,0,0,,,,,,,,,,,,,,,,,,,,,,,,,,,,,,
whoO12.png,World Health Organization,G,Table,Top-left,2,1,n,1,n,n,46.67,25.71,60,0,0,0,,,,,,,,,,,,,,,,,,,,,,,,,,,,,,
whoP13.png,World Health Organization,G,Table,Top-left,1,1,n,2,n,n,41.3,27.72,43.75,0,0,0,,,,,,,,,,,,,,,,,,,,,,,,,,,,,,
whoP16.png,World Health Organization,G,Table,Top-left,2,1,n,1,n,n,34.88,13.59,61.11,0,0,0,,,,,,,,,,,,,,,,,,,,,,,,,,,,,,
whoQ06_2.png,World Health Organization,G,Lines,Top,1,1,n,1,n,n,36.9,18.75,64.71,0,0,0,,,,,,,,,,,,,,,,,,,,,,,,,,,,,,
whoQ09_2.png,World Health Organization,G,Bars,Top,1,1,n,1,n,n,38.54,31.78,64.71,0,0,0,,,,,,,,,,,,,"2003-2011"",Top,1,1,n,1,n,n,38.54,31.78,64.71,0,0,0",,,,,,,,,,,,,,,,,
whoQ11_1.png,World Health Organization,G,Lines,Top-left,2,1,n,1,n,n,31.03,13.13,80,0,0,0,,,,,,,,,,,,,,,,,,,,,,,,,,,,,,
whoQ14_2.png,World Health Organization,G,Bars,Top-left,1,1,n,1,n,n,38.14,15.09,66.67,0,0,0,,,,,,,,,,,,,,,,,,,,,,,,,,,,,,
whoQ15_1.png,World Health Organization,G,Points,Top,2,1,n,1,n,n,51.69,39.22,62.5,0,0,0,,,,,,,,,,,,,,,,,,,,,,,,,,,,,,
whoQ18_3.png,World Health Organization,G,Bars,Top-left,2,1,n,1,n,n,28.09,16.19,56.25,0,0,0,,,,,,,,,,,,,,,,,,,,,,,,,,,,,,
whoQ26.png,World Health Organization,G,Maps,Top,1,1,n,1,y,n,42.68,6.32,70,0,1,0,,,,,,,,,,,,,,,,,,,,,,,,,,,,,,
whoQ32_2.png,World Health Organization,G,Points,Top,2,1,n,1,n,n,23.53,12.09,29.41,0,0,0,,,,,,,,,,,,,,,,,,,,,,,,,,,,,,
whoQ41_1.png,World Health Organization,G,Bars,Top-left,2,1,n,2,n,n,52.17,23.76,88.24,0,0,0,,,,,,,,,,,,,,,,,,,,,,,,,,,,,,
whoQ42_1.png,World Health Organization,G,Bars,Top-left,1,1,n,1,n,n,70.45,43,88.89,0,0,0,,,,,,,,,,,,,,,,,,,,,,,,,,,,,,
whoQ44_4.png,World Health Organization,G,Area,Top,2,1,n,1,n,n,63.33,45.16,76.92,0,0,0,,,,,,,,,,,,,,,,,,,,,,,,,,,,,,
whoQ48_4.png,World Health Organization,G,Area,Top,1,1,n,1,n,n,54.44,37.5,60,0,0,0,,,,,,,,,,,,,,,,,,,,,,,,,,,,,,
whoQ48_5.png,World Health Organization,G,Lines,Top,1,1,n,1,n,n,54.65,55.1,55,0,0,0,,,,,,,,,,,,,,,,,,,,,,,,,,,,,,
whoQ50_2.png,World Health Organization,G,Bars,Top-left,1,1,n,1,n,n,38.55,31.25,64.29,0,0,0,,,,,,,,,,,,,,,,,,,,,,,,,,,,,,
whoQ51_2.png,World Health Organization,G,Bars,Top-left,1,1,n,1,n,n,52.38,44.33,72.22,0,0,0,,,,,,,,,,,,,,,,,,,,,,,,,,,,,,
whoQ52_4.png,World Health Organization,G,Area,Top,2,1,n,1,n,n,50,40.4,57.14,0,0,0,,,,,,,,,,,,,,,,,,,,,,,,,,,,,,
wsj10.png,Wall Street Journal,N,Maps,Top-left,2,2,n,2,y,n,72.94,7.07,100,0,0,0,,,,,,,,,,,,,,,,,,,,,,,,,,,,,,
wsj104.png,Wall Street Journal,N,Diagrams,Top-left,1,1,n,2,y,n,81.4,5,100,0,1,0,,,,,,,,,,,,,,,,,,,,,,,,,,,,,,
wsj108.png,Wall Street Journal,N,Lines,Top-left,2,2,n,1,n,n,51.09,18,70.59,0,1,0,,,,,,,,,,,,,,,,,,,,,,,,,,,,,,
wsj11.png,Wall Street Journal,N,Bars,Top-left,1,1,n,1,n,n,50,10.89,33.33,0,0,0,,,,,,,,,,,,,,,,,,,,,,,,,,,,,,
wsj116.png,Wall Street Journal,N,Diagrams,Top-left,1,2,n,3,y,n,55.81,9.09,93.75,0,1,0,,,,,,,,,,,,,,,,,,,,,,,,,,,,,,
wsj129.png,Wall Street Journal,N,Bars,Top-left,3,3,n,3,y,y,72.94,1.96,94.12,1,1,0,,,,,,,,,,,,,,,,,,,,,,,,,,,,,,
wsj135.png,Wall Street Journal,N,Bars,Top-left,1,2,n,2,n,n,58.62,15.46,40,0,1,0,,,,,,,,,,,,,,,,,,,,,,,,,,,,,,
wsj144.png,Wall Street Journal,N,Maps,Top-left,1,2,n,1,y,n,62.79,9.47,92.86,1,1,0,,,,,,,,,,,,,,,,,,,,,,,,,,,,,,
wsj147.png,Wall Street Journal,N,Diagrams,Top-center,1,3,n,2,y,n,71.26,6.19,100,0,1,0,,,,,,,,,,,,,,,,,,,,,,,,,,,,,,
wsj162.png,Wall Street Journal,N,Bars,Top-left,2,2,n,3,y,y,79.57,16.35,100,0,1,0,,,,,,,,,,,,,,,,,,,,,,,,,,,,,,
wsj167.png,Wall Street Journal,N,Lines,Top-left,2,2,n,2,n,n,60.67,21.15,47.06,0,1,0,,,,,,,,,,,,,,,,,,,,,,,,,,,,,,
wsj170.png,Wall Street Journal,N,Lines,Top-left,2,1,n,2,n,n,52.38,17.89,52.63,0,1,0,,,,,,,,,,,,,,,,,,,,,,,,,,,,,,
wsj172.png,Wall Street Journal,N,Bars,Center-left,1,2,n,2,n,n,58.54,15.31,87.5,0,1,0,,,,,,,,,,,,,,,,,,,,,,,,,,,,,,
wsj176.png,Wall Street Journal,N,Bars,Top-left,1,1,n,2,n,n,67.9,17.35,27.78,0,0,0,,,,,,,,,,,,,,,,,,,,,,,,,,,,,,
wsj184.png,Wall Street Journal,N,Lines,Top-left,3,2,n,3,y,n,49.43,1.03,84.21,1,1,0,,,,,,,,,,,,,,,,,,,,,,,,,,,,,,
wsj20.png,Wall Street Journal,N,Lines,Top-left,2,3,n,2,y,y,73.91,7.69,100,0,1,0,,,,,,,,,,,,,,,,,,,,,,,,,,,,,,
wsj21.png,Wall Street Journal,N,Circles,Top-left,2,2,n,3,y,n,66.67,6.32,93.75,0,1,0,,,,,,,,,,,,,,,,,,,,,,,,,,,,,,
wsj214.png,Wall Street Journal,N,Diagrams,Top-left,1,3,n,3,y,y,59.34,0,94.74,0,1,0,,,,,,,,,,,,,,,,,,,,,,,,,,,,,,
wsj220.png,Wall Street Journal,N,Bars,Top-left,1,1,n,1,n,n,62.22,14.14,75,0,0,0,,,,,,,,,,,,,,,,,,,,,,,,,,,,,,
wsj226.png,Wall Street Journal,N,Bars,Top-left,3,3,n,3,y,n,63.22,4.04,82.35,1,1,0,,,,,,,,,,,,,,,,,,,,,,,,,,,,,,
wsj233.png,Wall Street Journal,N,Table,Top-left,2,2,n,2,y,n,86.52,14.29,94.12,0,1,0,,,,,,,,,,,,,,,,,,,,,,,,,,,,,,
wsj240.png,Wall Street Journal,N,Table,Top-left,2,2,n,1,y,n,65.12,15.15,81.25,0,1,0,,,,,,,,,,,,,,,,,,,,,,,,,,,,,,
wsj259.png,Wall Street Journal,N,Lines,Top-left,3,2,n,2,y,n,33.73,4.95,64.29,1,1,0,,,,,,,,,,,,,,,,,,,,,,,,,,,,,,
wsj262.png,Wall Street Journal,N,Lines,Top-left,2,2,n,2,n,n,72.41,36.84,90,1,1,0,,,,,,,,,,,,,,,,,,,,,,,,,,,,,,
wsj264.png,Wall Street Journal,N,Bars,Top-right,3,3,n,3,y,n,80.46,2.11,100,0,1,0,,,,,,,,,,,,,,,,,,,,,,,,,,,,,,
wsj270.png,Wall Street Journal,N,Lines,Top-left,1,2,n,2,y,n,74.7,20,82.35,0,1,0,,,,,,,,,,,,,,,,,,,,,,,,,,,,,,
wsj271.png,Wall Street Journal,N,Bars,Top-left,2,2,n,2,n,n,65.12,13.83,60,1,1,0,,,,,,,,,,,,,,,,,,,,,,,,,,,,,,
wsj277.png,Wall Street Journal,N,Bars,Top-left,2,2,n,2,n,n,40.43,9.52,82.35,1,1,0,,,,,,,,,,,,,,,,,,,,,,,,,,,,,,
wsj28.png,Wall Street Journal,N,Bars,Top-left,1,1,n,2,n,n,34.88,10.1,33.33,1,0,0,,,,,,,,,,,,,,,,,,,,,,,,,,,,,,
wsj286.png,Wall Street Journal,N,Area,Top-left,2,2,n,2,n,n,55.06,9.71,66.67,1,1,0,,,,,,,,,,,,,,,,,,,,,,,,,,,,,,
wsj292.png,Wall Street Journal,N,Bars,Top-left,2,2,n,2,n,n,63.95,7.37,92.31,1,1,0,,,,,,,,,,,,,,,,,,,,,,,,,,,,,,
wsj294.png,Wall Street Journal,N,Points,Top-left,2,2,n,2,n,n,58.06,19.42,76.47,1,1,0,,,,,,,,,,,,,,,,,,,,,,,,,,,,,,
wsj297.png,Wall Street Journal,N,Diagrams,Top-left,1,2,n,2,y,n,67.42,5,89.47,0,1,0,,,,,,,,,,,,,,,,,,,,,,,,,,,,,,
wsj299.png,Wall Street Journal,N,Bars,Top-left,2,3,n,3,y,n,76.54,2.2,93.75,1,1,0,,,,,,,,,,,,,,,,,,,,,,,,,,,,,,
wsj308.png,Wall Street Journal,N,Bars,Top-left,1,2,n,1,n,n,62.65,42.86,82.35,0,1,0,,,,,,,,,,,,,,,,,,,,,,,,,,,,,,
wsj316.png,Wall Street Journal,N,Lines,Top-left,2,2,n,3,y,n,59.77,8.25,58.82,0,1,0,,,,,,,,,,,,,,,,,,,,,,,,,,,,,,
wsj340.png,Wall Street Journal,N,Circles,Top-left,2,2,n,2,n,n,68.18,13.98,71.43,1,0,0,,,,,,,,,,,,,,,,,,,,,,,,,,,,,,
wsj359.png,Wall Street Journal,N,Lines,Top-left,3,2,n,2,n,n,67.42,19.19,76.47,0,1,0,,,,,,,,,,,,,,,,,,,,,,,,,,,,,,
wsj360.png,Wall Street Journal,N,Bars,Top-left,2,1,n,2,n,n,53.33,9.38,61.11,1,0,0,,,,,,,,,,,,,,,,,,,,,,,,,,,,,,
wsj392.png,Wall Street Journal,N,Area,Top-left,2,2,n,1,n,n,78.41,24.21,88.24,1,0,0,,,,,,,,,,,,,,,,,,,,,,,,,,,,,,
wsj395.png,Wall Street Journal,N,Lines,Top-left,2,1,n,2,n,n,68.83,5.49,43.75,0,1,0,,,,,,,,,,,,,,,,,,,,,,,,,,,,,,
wsj405.png,Wall Street Journal,N,Lines,Top,2,2,n,2,n,n,45.98,13.68,50,1,1,0,,,,,,,,,,,,,,,,,,,,,,,,,,,,,,
wsj441.png,Wall Street Journal,N,Maps,Top-right,2,2,n,1,y,n,71.43,6.06,84.62,0,1,0,,,,,,,,,,,,,,,,,,,,,,,,,,,,,,
wsj459.png,Wall Street Journal,N,Bars,Top-left,2,1,n,2,n,n,36.17,7.55,52.94,1,0,0,,,,,,,,,,,,,,,,,,,,,,,,,,,,,,
wsj462.png,Wall Street Journal,N,Maps,Top-left,1,2,n,1,y,n,63.64,12.77,81.25,1,1,0,,,,,,,,,,,,,,,,,,,,,,,,,,,,,,
wsj474.png,Wall Street Journal,N,Circles,Top-left,2,3,n,2,n,n,49.45,13.27,87.5,1,0,0,,,,,,,,,,,,,,,,,,,,,,,,,,,,,,
wsj481.png,Wall Street Journal,N,Bars,Top-left,1,1,n,1,n,n,71.43,24.3,66.67,1,0,0,,,,,,,,,,,,,,,,,,,,,,,,,,,,,,
wsj505.png,Wall Street Journal,N,Table,Top-left,3,3,n,1,y,y,67.06,8.16,78.57,0,1,0,,,,,,,,,,,,,,,,,,,,,,,,,,,,,,
wsj508.png,Wall Street Journal,N,Lines,Top-left,2,2,n,2,n,n,55,16.49,62.5,1,1,0,,,,,,,,,,,,,,,,,,,,,,,,,,,,,,
wsj511.png,Wall Street Journal,N,Maps,Top-left,2,2,n,2,y,n,66.25,8.7,94.74,0,1,0,,,,,,,,,,,,,,,,,,,,,,,,,,,,,,
wsj52.png,Wall Street Journal,N,Lines,Top-left,2,2,n,2,y,n,77.66,4,94.12,0,1,0,,,,,,,,,,,,,,,,,,,,,,,,,,,,,,
wsj521.png,Wall Street Journal,N,Bars,Top-left,2,1,n,1,n,n,53.26,9.18,71.43,1,0,0,,,,,,,,,,,,,,,,,,,,,,,,,,,,,,
wsj529.png,Wall Street Journal,N,Bars,Top,1,2,n,1,n,n,67.03,12.62,62.5,0,0,0,,,,,,,,,,,,,,,,,,,,,,,,,,,,,,
wsj533.png,Wall Street Journal,N,Points,Top-left,2,2,n,2,n,n,40.86,8.74,81.25,0,1,0,,,,,,,,,,,,,,,,,,,,,,,,,,,,,,
wsj536.png,Wall Street Journal,N,Bars,Top-left,3,3,n,3,y,y,80.52,2.15,64.29,0,1,0,,,,,,,,,,,,,,,,,,,,,,,,,,,,,,
wsj54.png,Wall Street Journal,N,Lines,Top-left,1,2,n,1,n,n,74.16,32,88.89,0,1,0,,,,,,,,,,,,,,,,,,,,,,,,,,,,,,
wsj540.png,Wall Street Journal,N,Points,Top-left,2,2,n,2,n,n,48.15,7.53,83.33,1,0,0,,,,,,,,,,,,,,,,,,,,,,,,,,,,,,
wsj55.png,Wall Street Journal,N,Bars,Top-left,1,2,n,2,n,n,50,5.26,29.41,0,0,0,,,,,,,,,,,,,,,,,,,,,,,,,,,,,,
wsj553.png,Wall Street Journal,N,Bars,Top-left,3,3,n,2,y,y,74.07,8.42,100,1,1,0,,,,,,,,,,,,,,,,,,,,,,,,,,,,,,
wsj557.png,Wall Street Journal,N,Points,Top-left,3,2,n,3,y,n,66.28,4.4,83.33,0,1,0,,,,,,,,,,,,,,,,,,,,,,,,,,,,,,
wsj561.png,Wall Street Journal,N,Diagrams,Top-left,1,2,n,1,n,n,54.32,6.38,90,0,1,0,,,,,,,,,,,,,,,,,,,,,,,,,,,,,,
wsj593.png,Wall Street Journal,N,Bars,Top-left,1,2,n,1,n,n,55.17,3.26,87.5,1,1,0,,,,,,,,,,,,,,,,,,,,,,,,,,,,,,
wsj612.png,Wall Street Journal,N,Lines,Top-left,2,2,n,2,n,n,67.78,41.41,78.57,1,1,0,,,,,,,,,,,,,,,,,,,,,,,,,,,,,,
wsj79.png,Wall Street Journal,N,Table,Top-left,2,2,n,1,y,n,56.67,4.08,75,0,1,0,,,,,,,,,,,,,,,,,,,,,,,,,,,,,,
wsj9.png,Wall Street Journal,N,Bars,Top-left,1,2,n,1,n,n,56.1,12.77,58.82,0,1,0,,,,,,,,,,,,,,,,,,,,,,,,,,,,,,
wsj99.png,Wall Street Journal,N,Maps,Top-left,1,2,n,2,y,n,66.3,8.82,100,0,1,0,,,,,,,,,,,,,,,,,,,,,,,,,,,,,,
